aso_id,sequence,location_start,location_end,activity_label,gene,source
ASO-1,AGCCTCTATGGAGAACAG,-102,-85,neutral_or_other,BIM,"Liu et al. 2017, Oncotarget 8:77567-77585 (PMC5652800), Supplementary Table 1"
ASO-2,GGCACAGCCTCTATGGAG,-97,-80,neutral_or_other,BIM,"Liu et al. 2017, Oncotarget 8:77567-77585 (PMC5652800), Supplementary Table 1"
ASO-3,AAAATGGCACAGCCTCTA,-92,-75,counter_therapeutic,BIM,"Liu et al. 2017, Oncotarget 8:77567-77585 (PMC5652800), Supplementary Table 1"
ASO-4,AATGTAAAATGGCACAGC,-87,-70,neutral_or_other,BIM,"Liu et al. 2017, Oncotarget 8:77567-77585 (PMC5652800), Supplementary Table 1"
ASO-5,GTGGGAATGTAAAATGGC,-82,-65,neutral_or_other,BIM,"Liu et al. 2017, Oncotarget 8:77567-77585 (PMC5652800), Supplementary Table 1"
ASO-6,TGTTGGTGGGAATGTAAA,-77,-60,neutral_or_other,BIM,"Liu et al. 2017, Oncotarget 8:77567-77585 (PMC5652800), Supplementary Table 1"
ASO-7,TGCCCTGTTGGTGGGAAT,-72,-55,neutral_or_other,BIM,"Liu et al. 2017, Oncotarget 8:77567-77585 (PMC5652800), Supplementary Table 1"
ASO-8,CCTTGTGCCCTGTTGGTG,-67,-50,neutral_or_other,BIM,"Liu et al. 2017, Oncotarget 8:77567-77585 (PMC5652800), Supplementary Table 1"
ASO-9,GGAACCCTTGTGCCCTGT,-62,-45,neutral_or_other,BIM,"Liu et al. 2017, Oncotarget 8:77567-77585 (PMC5652800), Supplementary Table 1"
ASO-10,AAACTGGAACCCTTGTGC,-57,-40,neutral_or_other,BIM,"Liu et al. 2017, Oncotarget 8:77567-77585 (PMC5652800), Supplementary Table 1"
ASO-11,TGGAGAAACTGGAACCCT,-52,-35,weak,BIM,"Liu et al. 2017, Oncotarget 8:77567-77585 (PMC5652800), Supplementary Table 1"
ASO-12,GTATGTGGAGAAACTGGA,-47,-30,weak,BIM,"Liu et al. 2017, Oncotarget 8:77567-77585 (PMC5652800), Supplementary Table 1"
ASO-13,GGTAAGTATGTGGAGAAA,-42,-25,active,BIM,"Liu et al. 2017, Oncotarget 8:77567-77585 (PMC5652800), Supplementary Table 1"
ASO-14,GTGTTGGTAAGTATGTGG,-37,-20,neutral_or_other,BIM,"Liu et al. 2017, Oncotarget 8:77567-77585 (PMC5652800), Supplementary Table 1"
ASO-15,ATGACTACTGTTAAAAAA,-11,7,active,BIM,"Liu et al. 2017, Oncotarget 8:77567-77585 (PMC5652800), Supplementary Table 1"
ASO-16,CTAGGATGACTACTGTTA,-6,12,neutral_or_other,BIM,"Liu et al. 2017, Oncotarget 8:77567-77585 (PMC5652800), Supplementary Table 1"
ASO-17,ATCCTCTAGGATGACTAC,-1,17,neutral_or_other,BIM,"Liu et al. 2017, Oncotarget 8:77567-77585 (PMC5652800), Supplementary Table 1"
ASO-18,CCTATATCCTCTAGGATG,5,22,active,BIM,"Liu et al. 2017, Oncotarget 8:77567-77585 (PMC5652800), Supplementary Table 1"
ASO-19,GATCACCTATATCCTCTA,10,27,neutral_or_other,BIM,"Liu et al. 2017, Oncotarget 8:77567-77585 (PMC5652800), Supplementary Table 1"
ASO-20,TGAAAGATCACCTATATC,15,32,neutral_or_other,BIM,"Liu et al. 2017, Oncotarget 8:77567-77585 (PMC5652800), Supplementary Table 1"
ASO-21,CACAGTGAAAGATCACCT,20,37,neutral_or_other,BIM,"Liu et al. 2017, Oncotarget 8:77567-77585 (PMC5652800), Supplementary Table 1"
ASO-22,CAAAGCACAGTGAAAGAT,25,42,neutral_or_other,BIM,"Liu et al. 2017, Oncotarget 8:77567-77585 (PMC5652800), Supplementary Table 1"
ASO-23,AAATCCAAAGCACAGTGA,30,47,neutral_or_other,BIM,"Liu et al. 2017, Oncotarget 8:77567-77585 (PMC5652800), Supplementary Table 1"
ASO-24,AATATAAATCCAAAGCAC,35,52,neutral_or_other,BIM,"Liu et al. 2017, Oncotarget 8:77567-77585 (PMC5652800), Supplementary Table 1"
ASO-25,CAGTAAATATAAATCCAA,40,57,neutral_or_other,BIM,"Liu et al. 2017, Oncotarget 8:77567-77585 (PMC5652800), Supplementary Table 1"
ASO-26,TAAGCCAGTAAATATAAA,45,62,neutral_or_other,BIM,"Liu et al. 2017, Oncotarget 8:77567-77585 (PMC5652800), Supplementary Table 1"
ASO-27,AAATCTAAGCCAGTAAAT,50,67,neutral_or_other,BIM,"Liu et al. 2017, Oncotarget 8:77567-77585 (PMC5652800), Supplementary Table 1"
ASO-28,CATACAAATCTAAGCCAG,55,72,active,BIM,"Liu et al. 2017, Oncotarget 8:77567-77585 (PMC5652800), Supplementary Table 1"
ASO-29,GTGGCCATACAAATCTAA,60,77,active,BIM,"Liu et al. 2017, Oncotarget 8:77567-77585 (PMC5652800), Supplementary Table 1"
ASO-30,TGGTGGTGGCCATACAAA,65,82,neutral_or_other,BIM,"Liu et al. 2017, Oncotarget 8:77567-77585 (PMC5652800), Supplementary Table 1"
ASO-31,GACTATGGTGGTGGCCAT,70,87,neutral_or_other,BIM,"Liu et al. 2017, Oncotarget 8:77567-77585 (PMC5652800), Supplementary Table 1"
ASO-32,ATCTTGACTATGGTGGTG,75,92,neutral_or_other,BIM,"Liu et al. 2017, Oncotarget 8:77567-77585 (PMC5652800), Supplementary Table 1"
ASO-33,TCTGTATCTTGACTATGG,80,97,active,BIM,"Liu et al. 2017, Oncotarget 8:77567-77585 (PMC5652800), Supplementary Table 1"
ASO-34,GTTGTTCTGTATCTTGAC,85,102,weak,BIM,"Liu et al. 2017, Oncotarget 8:77567-77585 (PMC5652800), Supplementary Table 1"
ASO-35,GTTGAGTTGTTCTGTATC,90,107,weak,BIM,"Liu et al. 2017, Oncotarget 8:77567-77585 (PMC5652800), Supplementary Table 1"
ASO-36,TTGTGGTTGAGTTGTTCT,95,112,weak,BIM,"Liu et al. 2017, Oncotarget 8:77567-77585 (PMC5652800), Supplementary Table 1"
ASO-37,AATCCTTGTGGTTGAGTT,100,117,weak,BIM,"Liu et al. 2017, Oncotarget 8:77567-77585 (PMC5652800), Supplementary Table 1"
ASO-38,TGAGAAATCCTTGTGGTT,105,122,weak,BIM,"Liu et al. 2017, Oncotarget 8:77567-77585 (PMC5652800), Supplementary Table 1"
ASO-39,TATCATGAGAAATCCTTG,110,127,weak,BIM,"Liu et al. 2017, Oncotarget 8:77567-77585 (PMC5652800), Supplementary Table 1"
ASO-40,AAAGGTATCATGAGAAAT,115,132,neutral_or_other,BIM,"Liu et al. 2017, Oncotarget 8:77567-77585 (PMC5652800), Supplementary Table 1"
ASO-41,TATAAAAAGGTATCATGA,120,137,neutral_or_other,BIM,"Liu et al. 2017, Oncotarget 8:77567-77585 (PMC5652800), Supplementary Table 1"
ASO-42,GTGGCTATAAAAAGGTAT,125,142,counter_therapeutic,BIM,"Liu et al. 2017, Oncotarget 8:77567-77585 (PMC5652800), Supplementary Table 1"
ASO-43,TGGCTGTGGCTATAAAAA,130,147,neutral_or_other,BIM,"Liu et al. 2017, Oncotarget 8:77567-77585 (PMC5652800), Supplementary Table 1"
ASO-44,AGAGGTGGCTGTGGCTAT,135,152,neutral_or_other,BIM,"Liu et al. 2017, Oncotarget 8:77567-77585 (PMC5652800), Supplementary Table 1"
ASO-45,GGGAGAGAGGTGGCTGTG,140,157,neutral_or_other,BIM,"Liu et al. 2017, Oncotarget 8:77567-77585 (PMC5652800), Supplementary Table 1"
ASO-46,GAAGAGGGAGAGAGGTGG,145,162,neutral_or_other,BIM,"Liu et al. 2017, Oncotarget 8:77567-77585 (PMC5652800), Supplementary Table 1"
ASO-47,TCAAGGAAGAGGGAGAGA,150,167,neutral_or_other,BIM,"Liu et al. 2017, Oncotarget 8:77567-77585 (PMC5652800), Supplementary Table 1"
ASO-48,AATGCTCAAGGAAGAGGG,155,172,neutral_or_other,BIM,"Liu et al. 2017, Oncotarget 8:77567-77585 (PMC5652800), Supplementary Table 1"
ASO-49,GACAAAATGCTCAAGGAA,160,177,neutral_or_other,BIM,"Liu et al. 2017, Oncotarget 8:77567-77585 (PMC5652800), Supplementary Table 1"
ASO-50,CATATGACAAAATGCTCA,165,182,neutral_or_other,BIM,"Liu et al. 2017, Oncotarget 8:77567-77585 (PMC5652800), Supplementary Table 1"
ASO-51,ATGACCATATGACAAAAT,170,187,neutral_or_other,BIM,"Liu et al. 2017, Oncotarget 8:77567-77585 (PMC5652800), Supplementary Table 1"
ASO-52,CACCAATGACCATATGAC,175,192,active,BIM,"Liu et al. 2017, Oncotarget 8:77567-77585 (PMC5652800), Supplementary Table 1"
ASO-53,TTAATCACCAATGACCAT,180,197,active,BIM,"Liu et al. 2017, Oncotarget 8:77567-77585 (PMC5652800), Supplementary Table 1"
ASO-54,TTTATTTAATCACCAATG,185,202,neutral_or_other,BIM,"Liu et al. 2017, Oncotarget 8:77567-77585 (PMC5652800), Supplementary Table 1"
ASO-55,TACATTTTATTTAATCAC,190,207,neutral_or_other,BIM,"Liu et al. 2017, Oncotarget 8:77567-77585 (PMC5652800), Supplementary Table 1"
ASO-56,TAAAATACATTTTATTTA,195,212,neutral_or_other,BIM,"Liu et al. 2017, Oncotarget 8:77567-77585 (PMC5652800), Supplementary Table 1"
ASO-57,AATATTAAAATACATTTT,200,217,neutral_or_other,BIM,"Liu et al. 2017, Oncotarget 8:77567-77585 (PMC5652800), Supplementary Table 1"
ASO-58,AAGTCAATATTAAAATAC,205,222,neutral_or_other,BIM,"Liu et al. 2017, Oncotarget 8:77567-77585 (PMC5652800), Supplementary Table 1"
ASO-59,AGAGAAAGTCAATATTAA,210,227,neutral_or_other,BIM,"Liu et al. 2017, Oncotarget 8:77567-77585 (PMC5652800), Supplementary Table 1"
ASO-60,GAAACAGAGAAAGTCAAT,215,232,neutral_or_other,BIM,"Liu et al. 2017, Oncotarget 8:77567-77585 (PMC5652800), Supplementary Table 1"
ASO-61,AGAAAGAAACAGAGAAAG,220,237,neutral_or_other,BIM,"Liu et al. 2017, Oncotarget 8:77567-77585 (PMC5652800), Supplementary Table 1"
ASO-62,AAGGTAGAAAGAAACAGA,225,242,neutral_or_other,BIM,"Liu et al. 2017, Oncotarget 8:77567-77585 (PMC5652800), Supplementary Table 1"
ASO-63,TTAAAAAGGTAGAAAGAA,230,247,neutral_or_other,BIM,"Liu et al. 2017, Oncotarget 8:77567-77585 (PMC5652800), Supplementary Table 1"
ASO-64,CATGTTTAAAAAGGTAGA,235,252,counter_therapeutic,BIM,"Liu et al. 2017, Oncotarget 8:77567-77585 (PMC5652800), Supplementary Table 1"
ASO-65,GTAGCCATGTTTAAAAAG,240,257,counter_therapeutic,BIM,"Liu et al. 2017, Oncotarget 8:77567-77585 (PMC5652800), Supplementary Table 1"
ASO-66,TTCTAGTAGCCATGTTTA,245,262,neutral_or_other,BIM,"Liu et al. 2017, Oncotarget 8:77567-77585 (PMC5652800), Supplementary Table 1"
ASO-67,CATTTTTCTAGTAGCCAT,250,267,counter_therapeutic,BIM,"Liu et al. 2017, Oncotarget 8:77567-77585 (PMC5652800), Supplementary Table 1"
